Workbook

Sheet 통합데이터
A1: 시도명 | B1: 용도별_차종별_시군구별_자동차주행거리(KOSIS 국가통계포털)_2024_비사업용_승용차_1일 평균주행거리(㎞/대) | C1: 용도별_차종별_시군구별_자동차주행거리(KOSIS 국가통계포털)_2024_비사업용_승용차_연간 주행거리(천㎞) | D1: 유형별 총 이용인원(TS 한국교통안전공단)_2024_일반_이용인원(명) | E1: 유형별 총 이용인원(TS 한국교통안전공단)_2024_어린이_이용인원(명) | F1: 유형별 총 이용인원(TS 한국교통안전공단)_2024_청소년_이용인원(명) | G1: 유형별 총 이용인원(TS 한국교통안전공단)_2024_고령자_이용인원(명) | H1: 유형별 총 이용인원(TS 한국교통안전공단)_2024_기타_이용인원(명) | I1: 시도별 총 이용인원(TS 한국교통안전공단)_2024_월_이용인원 | J1: 시도별 총 이용인원(TS 한국교통안전공단)_2024_화_이용인원 | K1: 시도별 총 이용인원(TS 한국교통안전공단)_2024_수_이용인원 | L1: 시도별 총 이용인원(TS 한국교통안전공단)_2024_목_이용인원 | M1: 시도별 총 이용인원(TS 한국교통안전공단)_2024_금_이용인원 | N1: 시도별 총 이용인원(TS 한국교통안전공단)_2024_토_이용인원 | O1: 시도별 총 이용인원(TS 한국교통안전공단)_2024_일_이용인원 | P1: 자동차등록대수현황_시도별(2024.12)_2024.12_승용_자가용(대) | Q1: 행정구역_시군구_별_1세별_주민등록인구(KOSIS 국가통계포털)_2024_총인구수(명)_0세 | R1: 행정구역_시군구_별_1세별_주민등록인구(KOSIS 국가통계포털)_2024_총인구수(명)_1세 | S1: 행정구역_시군구_별_1세별_주민등록인구(KOSIS 국가통계포털)_2024_총인구수(명)_2세 | T1: 행정구역_시군구_별_1세별_주민등록인구(KOSIS 국가통계포털)_2024_총인구수(명)_3세 | U1: 행정구역_시군구_별_1세별_주민등록인구(KOSIS 국가통계포털)_2024_총인구수(명)_4세 | V1: 행정구역_시군구_별_1세별_주민등록인구(KOSIS 국가통계포털)_2024_총인구수(명)_5세 | W1: 행정구역_시군구_별_1세별_주민등록인구(KOSIS 국가통계포털)_2024_총인구수(명)_6세 | X1: 행정구역_시군구_별_1세별_주민등록인구(KOSIS 국가통계포털)_2024_총인구수(명)_7세 | Y1: 행정구역_시군구_별_1세별_주민등록인구(KOSIS 국가통계포털)_2024_총인구수(명)_8세 | Z1: 행정구역_시군구_별_1세별_주민등록인구(KOSIS 국가통계포털)_2024_총인구수(명)_9세 | AA1: 행정구역_시군구_별_1세별_주민등록인구(KOSIS 국가통계포털)_2024_총인구수(명)_10세 | AB1: 행정구역_시군구_별_1세별_주민등록인구(KOSIS 국가통계포털)_2024_총인구수(명)_11세 | AC1: 행정구역_시군구_별_1세별_주민등록인구(KOSIS 국가통계포털)_2024_총인구수(명)_12세 | AD1: 행정구역_시군구_별_1세별_주민등록인구(KOSIS 국가통계포털)_2024_총인구수(명)_13세 | AE1: 행정구역_시군구_별_1세별_주민등록인구(KOSIS 국가통계포털)_2024_총인구수(명)_14세 | AF1: 행정구역_시군구_별_1세별_주민등록인구(KOSIS 국가통계포털)_2024_총인구수(명)_15세 | AG1: 행정구역_시군구_별_1세별_주민등록인구(KOSIS 국가통계포털)_2024_총인구수(명)_16세 | AH1: 행정구역_시군구_별_1세별_주민등록인구(KOSIS 국가통계포털)_2024_총인구수(명)_17세 | AI1: 행정구역_시군구_별_1세별_주민등록인구(KOSIS 국가통계포털)_2024_총인구수(명)_18세 | AJ1: 행정구역_시군구_별_1세별_주민등록인구(KOSIS 국가통계포털)_2024_총인구수(명)_19세 | AK1: 행정구역_시군구_별_1세별_주민등록인구(KOSIS 국가통계포털)_2024_총인구수(명)_20세 | AL1: 행정구역_시군구_별_1세별_주민등록인구(KOSIS 국가통계포털)_2024_총인구수(명)_21세 | AM1: 행정구역_시군구_별_1세별_주민등록인구(KOSIS 국가통계포털)_2024_총인구수(명)_22세 | AN1: 행정구역_시군구_별_1세별_주민등록인구(KOSIS 국가통계포털)_2024_총인구수(명)_23세 | AO1: 행정구역_시군구_별_1세별_주민등록인구(KOSIS 국가통계포털)_2024_총인구수(명)_24세 | AP1: 행정구역_시군구_별_1세별_주민등록인구(KOSIS 국가통계포털)_2024_총인구수(명)_25세 | AQ1: 행정구역_시군구_별_1세별_주민등록인구(KOSIS 국가통계포털)_2024_총인구수(명)_26세 | AR1: 행정구역_시군구_별_1세별_주민등록인구(KOSIS 국가통계포털)_2024_총인구수(명)_27세 | AS1: 행정구역_시군구_별_1세별_주민등록인구(KOSIS 국가통계포털)_2024_총인구수(명)_28세 | AT1: 행정구역_시군구_별_1세별_주민등록인구(KOSIS 국가통계포털)_2024_총인구수(명)_29세 | AU1: 행정구역_시군구_별_1세별_주민등록인구(KOSIS 국가통계포털)_2024_총인구수(명)_30세 | AV1: 행정구역_시군구_별_1세별_주민등록인구(KOSIS 국가통계포털)_2024_총인구수(명)_31세 | AW1: 행정구역_시군구_별_1세별_주민등록인구(KOSIS 국가통계포털)_2024_총인구수(명)_32세 | AX1: 행정구역_시군구_별_1세별_주민등록인구(KOSIS 국가통계포털)_2024_총인구수(명)_33세 | AY1: 행정구역_시군구_별_1세별_주민등록인구(KOSIS 국가통계포털)_2024_총인구수(명)_34세 | AZ1: 행정구역_시군구_별_1세별_주민등록인구(KOSIS 국가통계포털)_2024_총인구수(명)_35세 | BA1: 행정구역_시군구_별_1세별_주민등록인구(KOSIS 국가통계포털)_2024_총인구수(명)_36세 | BB1: 행정구역_시군구_별_1세별_주민등록인구(KOSIS 국가통계포털)_2024_총인구수(명)_37세 | BC1: 행정구역_시군구_별_1세별_주민등록인구(KOSIS 국가통계포털)_2024_총인구수(명)_38세 | BD1: 행정구역_시군구_별_1세별_주민등록인구(KOSIS 국가통계포털)_2024_총인구수(명)_39세 | BE1: 행정구역_시군구_별_1세별_주민등록인구(KOSIS 국가통계포털)_2024_총인구수(명)_40세 | BF1: 행정구역_시군구_별_1세별_주민등록인구(KOSIS 국가통계포털)_2024_총인구수(명)_41세 | BG1: 행정구역_시군구_별_1세별_주민등록인구(KOSIS 국가통계포털)_2024_총인구수(명)_42세 | BH1: 행정구역_시군구_별_1세별_주민등록인구(KOSIS 국가통계포털)_2024_총인구수(명)_43세 | BI1: 행정구역_시군구_별_1세별_주민등록인구(KOSIS 국가통계포털)_2024_총인구수(명)_44세 | BJ1: 행정구역_시군구_별_1세별_주민등록인구(KOSIS 국가통계포털)_2024_총인구수(명)_45세 | BK1: 행정구역_시군구_별_1세별_주민등록인구(KOSIS 국가통계포털)_2024_총인구수(명)_46세 | BL1: 행정구역_시군구_별_1세별_주민등록인구(KOSIS 국가통계포털)_2024_총인구수(명)_47세 | BM1: 행정구역_시군구_별_1세별_주민등록인구(KOSIS 국가통계포털)_2024_총인구수(명)_48세 | BN1: 행정구역_시군구_별_1세별_주민등록인구(KOSIS 국가통계포털)_2024_총인구수(명)_49세 | BO1: 행정구역_시군구_별_1세별_주민등록인구(KOSIS 국가통계포털)_2024_총인구수(명)_50세 | BP1: 행정구역_시군구_별_1세별_주민등록인구(KOSIS 국가통계포털)_2024_총인구수(명)_51세 | BQ1: 행정구역_시군구_별_1세별_주민등록인구(KOSIS 국가통계포털)_2024_총인구수(명)_52세 | BR1: 행정구역_시군구_별_1세별_주민등록인구(KOSIS 국가통계포털)_2024_총인구수(명)_53세 | BS1: 행정구역_시군구_별_1세별_주민등록인구(KOSIS 국가통계포털)_2024_총인구수(명)_54세 | BT1: 행정구역_시군구_별_1세별_주민등록인구(KOSIS 국가통계포털)_2024_총인구수(명)_55세 | BU1: 행정구역_시군구_별_1세별_주민등록인구(KOSIS 국가통계포털)_2024_총인구수(명)_56세 | BV1: 행정구역_시군구_별_1세별_주민등록인구(KOSIS 국가통계포털)_2024_총인구수(명)_57세 | BW1: 행정구역_시군구_별_1세별_주민등록인구(KOSIS 국가통계포털)_2024_총인구수(명)_58세 | BX1: 행정구역_시군구_별_1세별_주민등록인구(KOSIS 국가통계포털)_2024_총인구수(명)_59세 | BY1: 행정구역_시군구_별_1세별_주민등록인구(KOSIS 국가통계포털)_2024_총인구수(명)_60세 | BZ1: 행정구역_시군구_별_1세별_주민등록인구(KOSIS 국가통계포털)_2024_총인구수(명)_61세 | CA1: 행정구역_시군구_별_1세별_주민등록인구(KOSIS 국가통계포털)_2024_총인구수(명)_62세 | CB1: 행정구역_시군구_별_1세별_주민등록인구(KOSIS 국가통계포털)_2024_총인구수(명)_63세 | CC1: 행정구역_시군구_별_1세별_주민등록인구(KOSIS 국가통계포털)_2024_총인구수(명)_64세 | CD1: 행정구역_시군구_별_1세별_주민등록인구(KOSIS 국가통계포털)_2024_총인구수(명)_65세 | CE1: 행정구역_시군구_별_1세별_주민등록인구(KOSIS 국가통계포털)_2024_총인구수(명)_66세 | CF1: 행정구역_시군구_별_1세별_주민등록인구(KOSIS 국가통계포털)_2024_총인구수(명)_67세 | CG1: 행정구역_시군구_별_1세별_주민등록인구(KOSIS 국가통계포털)_2024_총인구수(명)_68세 | CH1: 행정구역_시군구_별_1세별_주민등록인구(KOSIS 국가통계포털)_2024_총인구수(명)_69세 | CI1: 행정구역_시군구_별_1세별_주민등록인구(KOSIS 국가통계포털)_2024_총인구수(명)_70세 | CJ1: 행정구역_시군구_별_1세별_주민등록인구(KOSIS 국가통계포털)_2024_총인구수(명)_71세 | CK1: 행정구역_시군구_별_1세별_주민등록인구(KOSIS 국가통계포털)_2024_총인구수(명)_72세 | CL1: 행정구역_시군구_별_1세별_주민등록인구(KOSIS 국가통계포털)_2024_총인구수(명)_73세 | CM1: 행정구역_시군구_별_1세별_주민등록인구(KOSIS 국가통계포털)_2024_총인구수(명)_74세 | CN1: 행정구역_시군구_별_1세별_주민등록인구(KOSIS 국가통계포털)_2024_총인구수(명)_75세 | CO1: 행정구역_시군구_별_1세별_주민등록인구(KOSIS 국가통계포털)_2024_총인구수(명)_76세 | CP1: 행정구역_시군구_별_1세별_주민등록인구(KOSIS 국가통계포털)_2024_총인구수(명)_77세 | CQ1: 행정구역_시군구_별_1세별_주민등록인구(KOSIS 국가통계포털)_2024_총인구수(명)_78세 | CR1: 행정구역_시군구_별_1세별_주민등록인구(KOSIS 국가통계포털)_2024_총인구수(명)_79세 | CS1: 행정구역_시군구_별_1세별_주민등록인구(KOSIS 국가통계포털)_2024_총인구수(명)_80세 | CT1: 행정구역_시군구_별_1세별_주민등록인구(KOSIS 국가통계포털)_2024_총인구수(명)_81세 | CU1: 행정구역_시군구_별_1세별_주민등록인구(KOSIS 국가통계포털)_2024_총인구수(명)_82세 | CV1: 행정구역_시군구_별_1세별_주민등록인구(KOSIS 국가통계포털)_2024_총인구수(명)_83세 | CW1: 행정구역_시군구_별_1세별_주민등록인구(KOSIS 국가통계포털)_2024_총인구수(명)_84세 | CX1: 행정구역_시군구_별_1세별_주민등록인구(KOSIS 국가통계포털)_2024_총인구수(명)_85세 | CY1: 행정구역_시군구_별_1세별_주민등록인구(KOSIS 국가통계포털)_2024_총인구수(명)_86세 | CZ1: 행정구역_시군구_별_1세별_주민등록인구(KOSIS 국가통계포털)_2024_총인구수(명)_87세 | DA1: 행정구역_시군구_별_1세별_주민등록인구(KOSIS 국가통계포털)_2024_총인구수(명)_88세 | DB1: 행정구역_시군구_별_1세별_주민등록인구(KOSIS 국가통계포털)_2024_총인구수(명)_89세 | DC1: 행정구역_시군구_별_1세별_주민등록인구(KOSIS 국가통계포털)_2024_총인구수(명)_90세 | DD1: 행정구역_시군구_별_1세별_주민등록인구(KOSIS 국가통계포털)_2024_총인구수(명)_91세 | DE1: 행정구역_시군구_별_1세별_주민등록인구(KOSIS 국가통계포털)_2024_총인구수(명)_92세 | DF1: 행정구역_시군구_별_1세별_주민등록인구(KOSIS 국가통계포털)_2024_총인구수(명)_93세 | DG1: 행정구역_시군구_별_1세별_주민등록인구(KOSIS 국가통계포털)_2024_총인구수(명)_94세 | DH1: 행정구역_시군구_별_1세별_주민등록인구(KOSIS 국가통계포털)_2024_총인구수(명)_95세 | DI1: 행정구역_시군구_별_1세별_주민등록인구(KOSIS 국가통계포털)_2024_총인구수(명)_96세 | DJ1: 행정구역_시군구_별_1세별_주민등록인구(KOSIS 국가통계포털)_2024_총인구수(명)_97세 | DK1: 행정구역_시군구_별_1세별_주민등록인구(KOSIS 국가통계포털)_2024_총인구수(명)_98세 | DL1: 행정구역_시군구_별_1세별_주민등록인구(KOSIS 국가통계포털)_2024_총인구수(명)_99세 | DM1: 행정구역_시군구_별_1세별_주민등록인구(KOSIS 국가통계포털)_2024_총인구수(명)_100세 이상 | DN1: 배차간격_요일별(TS 한국교통안전공단)_2024_월_배차간격 | DO1: 배차간격_요일별(TS 한국교통안전공단)_2024_화_배차간격 | DP1: 배차간격_요일별(TS 한국교통안전공단)_2024_수_배차간격 | DQ1: 배차간격_요일별(TS 한국교통안전공단)_2024_목_배차간격 | DR1: 배차간격_요일별(TS 한국교통안전공단)_2024_금_배차간격 | DS1: 배차간격_요일별(TS 한국교통안전공단)_2024_토_배차간격 | DT1: 배차간격_요일별(TS 한국교통안전공단)_2024_일_배차간격 | DU1: 시도별_월평균_대중교통비용(KOSIS 국가통계포털)(1)_2024_월평균 비용(만원)
A2: 서울특별시 | B2: 27.2 | C2: 26437489 | D2: 3212764 | E2: 31986 | F2: 161146 | G2: 120229 | H2: 422512 | I2: 3948637 | J2: 4000732 | K2: 3991588 | L2: 4037018 | M2: 4168560 | N2: 3203286 | O2: 2566636 | P2: 2656854 | Q2: 39588 | R2: 37696 | S2: 40295 | T2: 42163 | U2: 43155 | V2: 47146 | W2: 50295 | X2: 54899 | Y2: 61875 | Z2: 66668 | AA2: 66426 | AB2: 66625 | AC2: 74642 | AD2: 71709 | AE2: 72634 | AF2: 69493 | AG2: 73553 | AH2: 77999 | AI2: 72242 | AJ2: 75444 | AK2: 87480 | AL2: 92749 | AM2: 97032 | AN2: 115026 | AO2: 138282 | AP2: 139207 | AQ2: 149155 | AR2: 159528 | AS2: 162724 | AT2: 167077 | AU2: 168204 | AV2: 164677 | AW2: 165011 | AX2: 157803 | AY2: 141004 | AZ2: 134863 | BA2: 132271 | BB2: 126247 | BC2: 125422 | BD2: 127163 | BE2: 125909 | BF2: 138603 | BG2: 147204 | BH2: 149164 | BI2: 147759 | BJ2: 146004 | BK2: 124689 | BL2: 135402 | BM2: 133190 | BN2: 136026 | BO2: 147045 | BP2: 152374 | BQ2: 155429 | BR2: 163270 | BS2: 157640 | BT2: 154869 | BU2: 150401 | BV2: 140204 | BW2: 128533 | BX2: 136303 | BY2: 135577 | BZ2: 128776 | CA2: 138973 | CB2: 142214 | CC2: 147150 | CD2: 138069 | CE2: 128429 | CF2: 128047 | CG2: 116489 | CH2: 122515 | CI2: 103648 | CJ2: 90701 | CK2: 98441 | CL2: 68286 | CM2: 75705 | CN2: 75830 | CO2: 74253 | CP2: 75184 | CQ2: 59990 | CR2: 51733 | CS2: 51195 | CT2: 48823 | CU2: 55954 | CV2: 43542 | CW2: 35431 | CX2: 33261 | CY2: 27529 | CZ2: 23409 | DA2: 19475 | DB2: 16631 | DC2: 12786 | DD2: 9732 | DE2: 7750 | DF2: 5459 | DG2: 4340 | DH2: 3580 | DI2: 2501 | DJ2: 1813 | DK2: 1020 | DL2: 613 | DM2: 1484 | DN2: 10.6 | DO2: 10.6 | DP2: 10.6 | DQ2: 10.7 | DR2: 10.7 | DS2: 12.4 | DT2: 13.2 | DU2: =비용계산근거!J3 -> 5.23
A3: 부산광역시 | B3: 29.8 | C3: 12702072 | D3: 702658 | E3: 18764 | F3: 60351 | G3: 19053 | H3: 147063 | I3: 947890 | J3: 953321 | K3: 954744 | L3: 965208 | M3: 1018102 | N3: 823849 | O3: 626605 | P3: 1187450 | Q3: 12847 | R3: 13063 | S3: 14374 | T3: 15137 | U3: 15715 | V3: 17651 | W3: 19674 | X3: 21789 | Y3: 24711 | Z3: 26775 | AA3: 26331 | AB3: 25902 | AC3: 28647 | AD3: 27562 | AE3: 27048 | AF3: 24706 | AG3: 25822 | AH3: 27291 | AI3: 24612 | AJ3: 24931 | AK3: 27588 | AL3: 29628 | AM3: 30720 | AN3: 35323 | AO3: 39829 | AP3: 37567 | AQ3: 37794 | AR3: 38863 | AS3: 40436 | AT3: 40640 | AU3: 41436 | AV3: 41728 | AW3: 42678 | AX3: 41314 | AY3: 37193 | AZ3: 37704 | BA3: 36721 | BB3: 36027 | BC3: 36287 | BD3: 37870 | BE3: 39285 | BF3: 44920 | BG3: 49419 | BH3: 52314 | BI3: 52235 | BJ3: 51326 | BK3: 43943 | BL3: 46277 | BM3: 44271 | BN3: 47181 | BO3: 50753 | BP3: 52991 | BQ3: 53729 | BR3: 55931 | BS3: 55480 | BT3: 55840 | BU3: 56476 | BV3: 53960 | BW3: 50156 | BX3: 52169 | BY3: 51401 | BZ3: 51027 | CA3: 58352 | CB3: 61524 | CC3: 63128 | CD3: 58705 | CE3: 55152 | CF3: 55862 | CG3: 51296 | CH3: 54645 | CI3: 45312 | CJ3: 39904 | CK3: 42877 | CL3: 34054 | CM3: 33302 | CN3: 33549 | CO3: 32738 | CP3: 31013 | CQ3: 24070 | CR3: 20028 | CS3: 22047 | CT3: 21154 | CU3: 22708 | CV3: 18157 | CW3: 15342 | CX3: 14016 | CY3: 11282 | CZ3: 9409 | DA3: 7890 | DB3: 6641 | DC3: 5148 | DD3: 3748 | DE3: 2946 | DF3: 2217 | DG3: 1494 | DH3: 1227 | DI3: 956 | DJ3: 669 | DK3: 347 | DL3: 242 | DM3: 429 | DN3: 11.4 | DO3: 11.4 | DP3: 11.4 | DQ3: 11.5 | DR3: 11.5 | DS3: 12.6 | DT3: 13.2 | DU3: =비용계산근거!J4 -> 5.277
A4: 대구광역시 | B4: 30.7 | C4: 11616709 | D4: 300707 | E4: 39217 | F4: 8679 | G4: 6340 | H4: 79778 | I4: 434713 | J4: 438697 | K4: 439393 | L4: 442554 | M4: 469009 | N4: 371299 | O4: 278975 | P4: 1038535 | Q4: 10090 | R4: 9894 | S4: 10908 | T4: 11675 | U4: 12307 | V4: 14297 | W4: 15557 | X4: 17208 | Y4: 19612 | Z4: 20680 | AA4: 20619 | AB4: 20312 | AC4: 22710 | AD4: 21843 | AE4: 21569 | AF4: 20177 | AG4: 21212 | AH4: 22830 | AI4: 20661 | AJ4: 20505 | AK4: 22068 | AL4: 24043 | AM4: 23332 | AN4: 26269 | AO4: 29438 | AP4: 27686 | AQ4: 27239 | AR4: 28768 | AS4: 29020 | AT4: 30237 | AU4: 29898 | AV4: 29974 | AW4: 30886 | AX4: 30142 | AY4: 27374 | AZ4: 27714 | BA4: 25823 | BB4: 26326 | BC4: 26809 | BD4: 27686 | BE4: 27778 | BF4: 32008 | BG4: 35681 | BH4: 37028 | BI4: 36871 | BJ4: 37054 | BK4: 31661 | BL4: 35111 | BM4: 34802 | BN4: 36651 | BO4: 39147 | BP4: 41279 | BQ4: 42256 | BR4: 43748 | BS4: 42828 | BT4: 43455 | BU4: 44472 | BV4: 42107 | BW4: 38439 | BX4: 40450 | BY4: 39445 | BZ4: 37128 | CA4: 41638 | CB4: 42937 | CC4: 41001 | CD4: 40445 | CE4: 33625 | CF4: 34956 | CG4: 31886 | CH4: 32469 | CI4: 26750 | CJ4: 24970 | CK4: 27052 | CL4: 20593 | CM4: 20201 | CN4: 20791 | CO4: 20536 | CP4: 19077 | CQ4: 13336 | CR4: 11837 | CS4: 13745 | CT4: 13906 | CU4: 15207 | CV4: 12142 | CW4: 10070 | CX4: 9811 | CY4: 7948 | CZ4: 6876 | DA4: 5808 | DB4: 4993 | DC4: 3844 | DD4: 2827 | DE4: 2306 | DF4: 1597 | DG4: 1150 | DH4: 819 | DI4: 618 | DJ4: 414 | DK4: 233 | DL4: 158 | DM4: 260 | DN4: 13.6 | DO4: 13.5 | DP4: 13.5 | DQ4: 13.6 | DR4: 13.6 | DS4: 14.4 | DT4: 16 | DU4: =비용계산근거!J5 -> 5.282
A5: 인천광역시 | B5: 30.4 | C5: 13973512 | D5: 562148 | E5: 6590 | F5: 51814 | G5: 16936 | H5: 68421 | I5: 705903 | J5: 711189 | K5: 709422 | L5: 718249 | M5: 743107 | N5: 557118 | O5: 427122 | P5: 1275199 | Q5: 15433 | R5: 15014 | S5: 16369 | T5: 16845 | U5: 17730 | V5: 19526 | W5: 20660 | X5: 21926 | Y5: 24927 | Z5: 26766 | AA5: 26262 | AB5: 26299 | AC5: 28903 | AD5: 28645 | AE5: 27991 | AF5: 26465 | AG5: 27282 | AH5: 29269 | AI5: 26014 | AJ5: 25446 | AK5: 27046 | AL5: 28705 | AM5: 28222 | AN5: 32351 | AO5: 36690 | AP5: 36274 | AQ5: 37556 | AR5: 40453 | AS5: 41056 | AT5: 43043 | AU5: 44095 | AV5: 44944 | AW5: 46449 | AX5: 45358 | AY5: 41279 | AZ5: 40564 | BA5: 39859 | BB5: 38867 | BC5: 39654 | BD5: 41031 | BE5: 41455 | BF5: 46729 | BG5: 50995 | BH5: 52248 | BI5: 51435 | BJ5: 50590 | BK5: 43698 | BL5: 46793 | BM5: 44611 | BN5: 47039 | BO5: 50003 | BP5: 52138 | BQ5: 52302 | BR5: 54380 | BS5: 53182 | BT5: 53358 | BU5: 53620 | BV5: 49666 | BW5: 47373 | BX5: 50561 | BY5: 50136 | BZ5: 47261 | CA5: 52013 | CB5: 52372 | CC5: 52415 | CD5: 47371 | CE5: 43645 | CF5: 41536 | CG5: 36200 | CH5: 36945 | CI5: 30561 | CJ5: 25631 | CK5: 27984 | CL5: 18180 | CM5: 20328 | CN5: 20613 | CO5: 19800 | CP5: 20066 | CQ5: 16040 | CR5: 13317 | CS5: 13271 | CT5: 13107 | CU5: 15030 | CV5: 11712 | CW5: 9580 | CX5: 9442 | CY5: 8243 | CZ5: 6803 | DA5: 6029 | DB5: 5135 | DC5: 4061 | DD5: 3177 | DE5: 2547 | DF5: 1883 | DG5: 1444 | DH5: 1178 | DI5: 828 | DJ5: 596 | DK5: 339 | DL5: 241 | DM5: 506 | DN5: 15.4 | DO5: 15.4 | DP5: 15.3 | DQ5: 15.4 | DR5: 15.4 | DS5: 18.2 | DT5: 19.8 | DU5: =비용계산근거!J6 -> 5.252
A6: 광주광역시 | B6: 31 | C6: 6810431.6 | D6: 148278 | E6: 2283 | F6: 22854 | G6: 1085 | H6: 6917 | I6: 181412 | J6: 183851 | K6: 185268 | L6: 184854 | M6: 193139 | N6: 135422 | O6: 105220 | P6: 602377 | Q6: 6020 | R6: 6424 | S6: 7375 | T6: 8034 | U6: 8237 | V6: 9288 | W6: 10232 | X6: 11108 | Y6: 12659 | Z6: 13460 | AA6: 13595 | AB6: 13741 | AC6: 15241 | AD6: 14679 | AE6: 14983 | AF6: 14254 | AG6: 14668 | AH6: 15923 | AI6: 14465 | AJ6: 13869 | AK6: 15024 | AL6: 16278 | AM6: 16137 | AN6: 17807 | AO6: 19827 | AP6: 18760 | AQ6: 18906 | AR6: 19603 | AS6: 19499 | AT6: 20192 | AU6: 19591 | AV6: 19192 | AW6: 19291 | AX6: 18283 | AY6: 16234 | AZ6: 15888 | BA6: 15780 | BB6: 15885 | BC6: 16363 | BD6: 17255 | BE6: 18151 | BF6: 20851 | BG6: 23165 | BH6: 23169 | BI6: 23089 | BJ6: 23628 | BK6: 20510 | BL6: 22439 | BM6: 22389 | BN6: 22120 | BO6: 24920 | BP6: 25186 | BQ6: 25210 | BR6: 26184 | BS6: 25440 | BT6: 24051 | BU6: 25324 | BV6: 22854 | BW6: 22075 | BX6: 21910 | BY6: 20550 | BZ6: 20560 | CA6: 20428 | CB6: 20761 | CC6: 22428 | CD6: 20071 | CE6: 17854 | CF6: 17480 | CG6: 14786 | CH6: 15719 | CI6: 12993 | CJ6: 11217 | CK6: 12440 | CL6: 10056 | CM6: 10475 | CN6: 10836 | CO6: 9882 | CP6: 10338 | CQ6: 8176 | CR6: 7110 | CS6: 6855 | CT6: 6082 | CU6: 8222 | CV6: 6301 | CW6: 5043 | CX6: 4635 | CY6: 3983 | CZ6: 3484 | DA6: 2718 | DB6: 2431 | DC6: 2055 | DD6: 1447 | DE6: 1166 | DF6: 841 | DG6: 713 | DH6: 561 | DI6: 352 | DJ6: 228 | DK6: 151 | DL6: 98 | DM6: 181 | DN6: 18.8 | DO6: 18.9 | DP6: 18.9 | DQ6: 18.9 | DR6: 18.9 | DS6: 23.1 | DT6: 23.6 | DU6: =비용계산근거!J7 -> 5.292
A7: 대전광역시 | B7: 30 | C7: 6533925.3 | D7: 172730 | E7: 2007 | F7: 21524 | G7: 1682 | H7: 37442 | I7: 235380 | J7: 237919 | K7: 238627 | L7: 240816 | M7: 258333 | N7: 189918 | O7: 147817 | P7: 598635 | Q7: 7226 | R7: 7336 | S7: 7880 | T7: 7897 | U7: 7915 | V7: 8759 | W7: 9434 | X7: 10584 | Y7: 11737 | Z7: 12745 | AA7: 12593 | AB7: 12822 | AC7: 13878 | AD7: 13866 | AE7: 13656 | AF7: 13036 | AG7: 13768 | AH7: 14763 | AI7: 13593 | AJ7: 13638 | AK7: 15324 | AL7: 16002 | AM7: 16673 | AN7: 18810 | AO7: 21086 | AP7: 20104 | AQ7: 20574 | AR7: 21346 | AS7: 21663 | AT7: 21888 | AU7: 21660 | AV7: 20936 | AW7: 21227 | AX7: 20418 | AY7: 18717 | AZ7: 17890 | BA7: 17600 | BB7: 17249 | BC7: 17386 | BD7: 17854 | BE7: 17838 | BF7: 20007 | BG7: 22111 | BH7: 22824 | BI7: 22536 | BJ7: 22354 | BK7: 20279 | BL7: 21686 | BM7: 21608 | BN7: 21867 | BO7: 24029 | BP7: 25401 | BQ7: 24783 | BR7: 26188 | BS7: 25190 | BT7: 26005 | BU7: 26005 | BV7: 23100 | BW7: 21138 | BX7: 21944 | BY7: 21597 | BZ7: 19504 | CA7: 22837 | CB7: 23991 | CC7: 23557 | CD7: 21426 | CE7: 18917 | CF7: 19274 | CG7: 17637 | CH7: 17720 | CI7: 15360 | CJ7: 12489 | CK7: 13342 | CL7: 9948 | CM7: 10765 | CN7: 10316 | CO7: 10134 | CP7: 9452 | CQ7: 7428 | CR7: 6691 | CS7: 6924 | CT7: 6586 | CU7: 7853 | CV7: 6090 | CW7: 4614 | CX7: 4996 | CY7: 4146 | CZ7: 3509 | DA7: 3001 | DB7: 2582 | DC7: 2018 | DD7: 1554 | DE7: 1261 | DF7: 896 | DG7: 704 | DH7: 516 | DI7: 381 | DJ7: 258 | DK7: 143 | DL7: 99 | DM7: 215 | DN7: 16.4 | DO7: 16.4 | DP7: 16.4 | DQ7: 16.4 | DR7: 16.4 | DS7: 19.3 | DT7: 20.3 | DU7: =비용계산근거!J8 -> 5.35
A8: 울산광역시 | B8: 29.8 | C8: 5500135.8 | D8: 102216 | E8: 1711 | F8: 14599 | G8: 409 | H8: 938 | I8: 119871 | J8: 120604 | K8: 120861 | L8: 122412 | M8: 130256 | N8: 96521 | O8: 73401 | P8: 509223 | Q8: 5182 | R8: 5009 | S8: 5404 | T8: 6060 | U8: 6431 | V8: 7252 | W8: 7864 | X8: 8764 | Y8: 10186 | Z8: 10945 | AA8: 10932 | AB8: 10802 | AC8: 11887 | AD8: 11291 | AE8: 11265 | AF8: 10701 | AG8: 11040 | AH8: 11716 | AI8: 10306 | AJ8: 9430 | AK8: 9594 | AL8: 9797 | AM8: 9238 | AN8: 10689 | AO8: 12039 | AP8: 11916 | AQ8: 12516 | AR8: 13242 | AS8: 13857 | AT8: 14269 | AU8: 14149 | AV8: 14091 | AW8: 14340 | AX8: 14314 | AY8: 13101 | AZ8: 13346 | BA8: 12951 | BB8: 12919 | BC8: 13349 | BD8: 13733 | BE8: 14428 | BF8: 16342 | BG8: 18375 | BH8: 18974 | BI8: 19182 | BJ8: 18743 | BK8: 16260 | BL8: 17318 | BM8: 16470 | BN8: 17096 | BO8: 18559 | BP8: 19299 | BQ8: 19488 | BR8: 20868 | BS8: 20604 | BT8: 21152 | BU8: 21732 | BV8: 20753 | BW8: 19840 | BX8: 20683 | BY8: 19320 | BZ8: 17888 | CA8: 19790 | CB8: 20514 | CC8: 19752 | CD8: 17945 | CE8: 16298 | CF8: 15596 | CG8: 14032 | CH8: 14070 | CI8: 11473 | CJ8: 10340 | CK8: 10256 | CL8: 7926 | CM8: 7697 | CN8: 7260 | CO8: 7168 | CP8: 6539 | CQ8: 4740 | CR8: 3911 | CS8: 4344 | CT8: 4261 | CU8: 4735 | CV8: 3303 | CW8: 2989 | CX8: 2690 | CY8: 2275 | CZ8: 1841 | DA8: 1553 | DB8: 1306 | DC8: 1094 | DD8: 840 | DE8: 639 | DF8: 468 | DG8: 311 | DH8: 263 | DI8: 168 | DJ8: 147 | DK8: 80 | DL8: 58 | DM8: 86 | DN8: 29.5 | DO8: 29.6 | DP8: 29.3 | DQ8: 29.7 | DR8: 29.6 | DS8: 34.5 | DT8: 35.8 | DU8: =비용계산근거!J9 -> 5.22
A9: 세종특별자치시 | B9: 35 | C9: 2271589.7 | D9: 31289 | E9: 540 | F9: 3938 | G9: 102 | H9: 97 | I9: 35965 | J9: 36712 | K9: 36811 | L9: 37363 | M9: 40097 | N9: 25494 | O9: 19548 | P9: 178405 | Q9: 2822 | R9: 2818 | S9: 3212 | T9: 3677 | U9: 3718 | V9: 4164 | W9: 4556 | X9: 4975 | Y9: 5524 | Z9: 5885 | AA9: 5616 | AB9: 5541 | AC9: 6032 | AD9: 5681 | AE9: 5644 | AF9: 5219 | AG9: 5305 | AH9: 5122 | AI9: 4530 | AJ9: 3849 | AK9: 3806 | AL9: 3628 | AM9: 3227 | AN9: 3264 | AO9: 3696 | AP9: 3506 | AQ9: 3632 | AR9: 3736 | AS9: 4072 | AT9: 4513 | AU9: 4988 | AV9: 5141 | AW9: 5828 | AX9: 5892 | AY9: 5755 | AZ9: 5872 | BA9: 6091 | BB9: 6206 | BC9: 6485 | BD9: 6564 | BE9: 6848 | BF9: 7615 | BG9: 8675 | BH9: 8656 | BI9: 8408 | BJ9: 8451 | BK9: 7046 | BL9: 7492 | BM9: 7015 | BN9: 6887 | BO9: 7079 | BP9: 6922 | BQ9: 6389 | BR9: 6543 | BS9: 5953 | BT9: 5574 | BU9: 5393 | BV9: 4686 | BW9: 4251 | BX9: 4340 | BY9: 4360 | BZ9: 3782 | CA9: 4347 | CB9: 4497 | CC9: 4383 | CD9: 3892 | CE9: 3598 | CF9: 3517 | CG9: 3165 | CH9: 3243 | CI9: 2726 | CJ9: 2123 | CK9: 2377 | CL9: 1619 | CM9: 1851 | CN9: 1802 | CO9: 1577 | CP9: 1512 | CQ9: 1179 | CR9: 1016 | CS9: 1088 | CT9: 1051 | CU9: 1255 | CV9: 1003 | CW9: 814 | CX9: 818 | CY9: 701 | CZ9: 605 | DA9: 580 | DB9: 497 | DC9: 423 | DD9: 324 | DE9: 256 | DF9: 171 | DG9: 156 | DH9: 120 | DI9: 88 | DJ9: 58 | DK9: 39 | DL9: 18 | DM9: 39 | DN9: 17 | DO9: 17.1 | DP9: 17 | DQ9: 17.4 | DR9: 17.3 | DS9: 18.8 | DT9: 18.8 | DU9: =비용계산근거!J10 -> 5.293
A10: 경기도 | B10: 31.4 | C10: 62576934 | D10: 2154990 | E10: 25103 | F10: 205446 | G10: 45458 | H10: 271048 | I10: 2702028 | J10: 2726475 | K10: 2716653 | L10: 2745525 | M10: 2852382 | N10: 2110831 | O10: 1598619 | P10: 5491399 | Q10: 71451 | R10: 71843 | S10: 78718 | T10: 81246 | U10: 84418 | V10: 92883 | W10: 99497 | X10: 107559 | Y10: 121792 | Z10: 130581 | AA10: 128699 | AB10: 127591 | AC10: 141193 | AD10: 136635 | AE10: 135850 | AF10: 128052 | AG10: 133625 | AH10: 139701 | AI10: 126815 | AJ10: 120146 | AK10: 129435 | AL10: 133048 | AM10: 132441 | AN10: 149635 | AO10: 174133 | AP10: 169932 | AQ10: 175139 | AR10: 182630 | AS10: 186199 | AT10: 194956 | AU10: 198025 | AV10: 198993 | AW10: 205944 | AX10: 201394 | AY10: 184486 | AZ10: 182593 | BA10: 183088 | BB10: 179620 | BC10: 182458 | BD10: 190782 | BE10: 191385 | BF10: 215914 | BG10: 236407 | BH10: 241724 | BI10: 238947 | BJ10: 234863 | BK10: 203560 | BL10: 218966 | BM10: 213647 | BN10: 219461 | BO10: 235574 | BP10: 244057 | BQ10: 244055 | BR10: 254958 | BS10: 246202 | BT10: 244957 | BU10: 240951 | BV10: 220624 | BW10: 208826 | BX10: 217403 | BY10: 212953 | BZ10: 197126 | CA10: 215112 | CB10: 217543 | CC10: 216641 | CD10: 195228 | CE10: 179841 | CF10: 170867 | CG10: 151725 | CH10: 153974 | CI10: 128758 | CJ10: 109283 | CK10: 119626 | CL10: 77391 | CM10: 85732 | CN10: 85344 | CO10: 84589 | CP10: 85509 | CQ10: 69075 | CR10: 59807 | CS10: 59607 | CT10: 57472 | CU10: 66156 | CV10: 52937 | CW10: 44178 | CX10: 42521 | CY10: 36369 | CZ10: 31484 | DA10: 26855 | DB10: 23095 | DC10: 18160 | DD10: 13748 | DE10: 11094 | DF10: 7779 | DG10: 6255 | DH10: 4836 | DI10: 3552 | DJ10: 2414 | DK10: 1429 | DL10: 966 | DM10: 1947 | DN10: 21.2 | DO10: 20.7 | DP10: 20.5 | DQ10: 20.7 | DR10: 20.8 | DS10: 24.6 | DT10: 26.2 | DU10: =비용계산근거!J11 -> 5.358
A11: 강원특별자치도 | B11: 32.2 | C11: 7765362 | D11: 69137 | E11: 1289 | F11: 12657 | G11: 545 | H11: 1809 | I11: 84576 | J11: 82605 | K11: 82549 | L11: 84142 | M11: 89607 | N11: 62794 | O11: 57001 | P11: 664774 | Q11: 6521 | R11: 6800 | S11: 7360 | T11: 7535 | U11: 8016 | V11: 8670 | W11: 8841 | X11: 9599 | Y11: 10834 | Z11: 11593 | AA11: 11470 | AB11: 11675 | AC11: 13171 | AD11: 12938 | AE11: 12972 | AF11: 12410 | AG11: 12877 | AH11: 14041 | AI11: 12559 | AJ11: 12524 | AK11: 13528 | AL11: 13953 | AM11: 14335 | AN11: 15618 | AO11: 17083 | AP11: 15794 | AQ11: 16167 | AR11: 16400 | AS11: 16466 | AT11: 16866 | AU11: 16901 | AV11: 16779 | AW11: 17064 | AX11: 16400 | AY11: 15203 | AZ11: 14940 | BA11: 15160 | BB11: 14877 | BC11: 15105 | BD11: 16095 | BE11: 16074 | BF11: 18647 | BG11: 20778 | BH11: 20995 | BI11: 21207 | BJ11: 20865 | BK11: 19523 | BL11: 20432 | BM11: 20498 | BN11: 21670 | BO11: 24051 | BP11: 25513 | BQ11: 25138 | BR11: 26498 | BS11: 26462 | BT11: 27490 | BU11: 28092 | BV11: 25919 | BW11: 25889 | BX11: 25795 | BY11: 26086 | BZ11: 25844 | CA11: 29422 | CB11: 31435 | CC11: 31333 | CD11: 29772 | CE11: 28005 | CF11: 28056 | CG11: 24577 | CH11: 24604 | CI11: 21661 | CJ11: 17892 | CK11: 21399 | CL11: 11894 | CM11: 12781 | CN11: 12845 | CO11: 13622 | CP11: 14063 | CQ11: 11808 | CR11: 11587 | CS11: 11424 | CT11: 11023 | CU11: 12282 | CV11: 10487 | CW11: 9204 | CX11: 8619 | CY11: 7537 | CZ11: 6130 | DA11: 5254 | DB11: 4398 | DC11: 3437 | DD11: 2622 | DE11: 2045 | DF11: 1506 | DG11: 1278 | DH11: 984 | DI11: 728 | DJ11: 494 | DK11: 314 | DL11: 217 | DM11: 421 | DN11: 96.5 | DO11: 98.1 | DP11: 96.6 | DQ11: 99.3 | DR11: 96.4 | DS11: 101.9 | DT11: 98.2 | DU11: =비용계산근거!J12 -> 5.335
A12: 충청북도 | B12: 32.4 | C12: 8601448.1 | D12: 83924 | E12: 998 | F12: 14530 | G12: 282 | H12: 104 | I12: 99819 | J12: 97977 | K12: 97619 | L12: 99568 | M12: 107264 | N12: 75450 | O12: 60382 | P12: 732330 | Q12: 7508 | R12: 7706 | S12: 7728 | T12: 8418 | U12: 8750 | V12: 9396 | W12: 10676 | X12: 11375 | Y12: 12770 | Z12: 13510 | AA12: 13360 | AB12: 13689 | AC12: 15045 | AD12: 14815 | AE12: 14888 | AF12: 14032 | AG12: 14491 | AH12: 15454 | AI12: 13802 | AJ12: 13420 | AK12: 14491 | AL12: 14729 | AM12: 14984 | AN12: 16378 | AO12: 17971 | AP12: 17451 | AQ12: 18090 | AR12: 19281 | AS12: 19795 | AT12: 20576 | AU12: 20667 | AV12: 20788 | AW12: 20479 | AX12: 19492 | AY12: 17997 | AZ12: 17499 | BA12: 17742 | BB12: 17845 | BC12: 18148 | BD12: 18617 | BE12: 19418 | BF12: 21319 | BG12: 24023 | BH12: 23578 | BI12: 23679 | BJ12: 23634 | BK12: 20851 | BL12: 22667 | BM12: 22587 | BN12: 23268 | BO12: 25802 | BP12: 27093 | BQ12: 25687 | BR12: 27603 | BS12: 27090 | BT12: 29454 | BU12: 29363 | BV12: 27441 | BW12: 26372 | BX12: 27536 | BY12: 25994 | BZ12: 23828 | CA12: 29250 | CB12: 31518 | CC12: 29082 | CD12: 27333 | CE12: 25594 | CF12: 25923 | CG12: 23035 | CH12: 22528 | CI12: 19459 | CJ12: 16731 | CK12: 18753 | CL12: 12236 | CM12: 12413 | CN12: 12565 | CO12: 12559 | CP12: 12444 | CQ12: 9676 | CR12: 9159 | CS12: 9500 | CT12: 9446 | CU12: 11596 | CV12: 8942 | CW12: 7376 | CX12: 7767 | CY12: 6473 | CZ12: 5705 | DA12: 4956 | DB12: 4356 | DC12: 3361 | DD12: 2545 | DE12: 1939 | DF12: 1326 | DG12: 1091 | DH12: 814 | DI12: 543 | DJ12: 366 | DK12: 230 | DL12: 163 | DM12: 284 | DN12: 90.6 | DO12: 87.1 | DP12: 88.6 | DQ12: 88 | DR12: 88.3 | DS12: 88.5 | DT12: 90.1 | DU12: =비용계산근거!J13 -> 5.282
A13: 충청남도 | B13: 32.7 | C13: 11700371 | D13: 106821 | E13: 2765 | F13: 29056 | G13: 7782 | H13: 26403 | I13: 172809 | J13: 169788 | K13: 168704 | L13: 173518 | M13: 186445 | N13: 139696 | O13: 112200 | P13: 976225 | Q13: 9740 | R13: 9699 | S13: 10727 | T13: 11467 | U13: 12377 | V13: 13550 | W13: 14455 | X13: 16001 | Y13: 17890 | Z13: 19410 | AA13: 19116 | AB13: 19442 | AC13: 21493 | AD13: 21017 | AE13: 20866 | AF13: 19883 | AG13: 20598 | AH13: 21503 | AI13: 19514 | AJ13: 18355 | AK13: 19512 | AL13: 19821 | AM13: 19608 | AN13: 21273 | AO13: 23146 | AP13: 21748 | AQ13: 22369 | AR13: 23617 | AS13: 24172 | AT13: 25002 | AU13: 25225 | AV13: 25506 | AW13: 26391 | AX13: 25245 | AY13: 23977 | AZ13: 24023 | BA13: 24601 | BB13: 25320 | BC13: 25764 | BD13: 26287 | BE13: 26796 | BF13: 30736 | BG13: 34197 | BH13: 34428 | BI13: 34135 | BJ13: 33342 | BK13: 29728 | BL13: 31666 | BM13: 31225 | BN13: 31746 | BO13: 34903 | BP13: 36168 | BQ13: 34440 | BR13: 37916 | BS13: 35470 | BT13: 37099 | BU13: 37109 | BV13: 34509 | BW13: 31518 | BX13: 34225 | BY13: 34524 | BZ13: 30855 | CA13: 36224 | CB13: 39188 | CC13: 39069 | CD13: 34702 | CE13: 31289 | CF13: 31129 | CG13: 28282 | CH13: 29852 | CI13: 25695 | CJ13: 20710 | CK13: 22975 | CL13: 18114 | CM13: 19593 | CN13: 19176 | CO13: 18499 | CP13: 18072 | CQ13: 13543 | CR13: 11930 | CS13: 13371 | CT13: 12857 | CU13: 16841 | CV13: 12805 | CW13: 10297 | CX13: 11385 | CY13: 9951 | CZ13: 8771 | DA13: 7822 | DB13: 6922 | DC13: 5469 | DD13: 4157 | DE13: 3531 | DF13: 2256 | DG13: 1678 | DH13: 1362 | DI13: 936 | DJ13: 617 | DK13: 320 | DL13: 251 | DM13: 488 | DN13: 81 | DO13: 87.2 | DP13: 87.8 | DQ13: 84.4 | DR13: 86 | DS13: 86.7 | DT13: 93.7 | DU13: =비용계산근거!J14 -> 5.293
... A18: 제주특별자치도 | B18: 29.3 | C18: 3510050.5 | D18: 48092 | E18: 2092 | F18: 13753 | G18: 3609 | H18: 15203 | I18: 82745 | J18: 83541 | K18: 82843 | L18: 82300 | M18: 84138 | N18: 63193 | O18: 53552 | P18: 332173 | Q18: 3125 | R18: 3263 | S18: 3682 | T18: 3940 | U18: 4241 | V18: 4870 | W18: 5255 | X18: 5869 | Y18: 6545 | Z18: 6966 | AA18: 7002 | AB18: 6980 | AC18: 7733 | AD18: 7369 | AE18: 7259 | AF18: 6864 | AG18: 6951 | AH18: 7333 | AI18: 6760 | AJ18: 6011 | AK18: 6241 | AL18: 6457 | AM18: 6093 | AN18: 6713 | AO18: 7498 | AP18: 6953 | AQ18: 6991 | AR18: 7471 | AS18: 7589 | AT18: 8003 | AU18: 8120 | AV18: 8222 | AW18: 8446 | AX18: 8000 | AY18: 7253 | AZ18: 7038 | BA18: 7144 | BB18: 7382 | BC18: 7671 | BD18: 8312 | BE18: 8734 | BF18: 9849 | BG18: 11298 | BH18: 11381 | BI18: 11264 | BJ18: 11503 | BK18: 9518 | BL18: 10662 | BM18: 10275 | BN18: 10734 | BO18: 11880 | BP18: 12167 | BQ18: 12492 | BR18: 13229 | BS18: 12366 | BT18: 12225 | BU18: 12142 | BV18: 11197 | BW18: 11085 | BX18: 10648 | BY18: 10475 | BZ18: 10854 | CA18: 10477 | CB18: 10666 | CC18: 10647 | CD18: 9821 | CE18: 9017 | CF18: 8737 | CG18: 8053 | CH18: 8246 | CI18: 6712 | CJ18: 5366 | CK18: 5775 | CL18: 4765 | CM18: 4839 | CN18: 4704 | CO18: 5075 | CP18: 4844 | CQ18: 4232 | CR18: 3608 | CS18: 3684 | CT18: 3426 | CU18: 3595 | CV18: 3302 | CW18: 2822 | CX18: 2726 | CY18: 2402 | CZ18: 2115 | DA18: 1774 | DB18: 1576 | DC18: 1402 | DD18: 1198 | DE18: 888 | DF18: 599 | DG18: 489 | DH18: 395 | DI18: 223 | DJ18: 173 | DK18: 103 | DL18: 67 | DM18: 232 | DN18: 53.1 | DO18: 52.1 | DP18: 53.1 | DQ18: 52.7 | DR18: 52.9 | DS18: 53.4 | DT18: 53.3 | DU18: =비용계산근거!J19 -> 5.246

Sheet 비용계산근거
A1: 시도명 | B1: 2만원 미만 | C1: 2만원~4만원 | D1: 4만원~6만원 | E1: 6만원~8만원 | F1: 8만원~10만원 | G1: 10만원~12만원 | H1: 12만원 이상 | I1: 원본 비율 합계(%) | J1: 월평균 비용(만원)
A2: 구간 대표값(만원) | B2: 1 | C2: 3 | D2: 5 | E2: 7 | F2: 9 | G2: 11 | H2: 13
A3: 서울특별시 | B3: 8.7 | C3: 29.5 | D3: 27.3 | E3: 21.1 | F3: 7.5 | G3: 2.6 | H3: 3.5 | I3: =SUM(B3:H3) -> 100.2 | J3: =SUMPRODUCT(B3:H3,$B$2:$H$2)/100 -> 5.23
A4: 부산광역시 | B4: 8.8 | C4: 27.6 | D4: 29.9 | E4: 19.5 | F4: 7.6 | G4: 2.7 | H4: 4 | I4: =SUM(B4:H4) -> 100.1 | J4: =SUMPRODUCT(B4:H4,$B$2:$H$2)/100 -> 5.277
A5: 대구광역시 | B5: 8.7 | C5: 28.1 | D5: 28.7 | E5: 19.1 | F5: 9.2 | G5: 2.7 | H5: 3.5 | I5: =SUM(B5:H5) -> 100 | J5: =SUMPRODUCT(B5:H5,$B$2:$H$2)/100 -> 5.282
A6: 인천광역시 | B6: 8.4 | C6: 30.2 | D6: 27.1 | E6: 19.4 | F6: 8.5 | G6: 2.4 | H6: 4 | I6: =SUM(B6:H6) -> 100 | J6: =SUMPRODUCT(B6:H6,$B$2:$H$2)/100 -> 5.252
A7: 광주광역시 | B7: 7.8 | C7: 28 | D7: 31.1 | E7: 18.6 | F7: 7.7 | G7: 3 | H7: 3.8 | I7: =SUM(B7:H7) -> 100 | J7: =SUMPRODUCT(B7:H7,$B$2:$H$2)/100 -> 5.292
A8: 대전광역시 | B8: 8.1 | C8: 25.1 | D8: 32.6 | E8: 20.1 | F8: 7.6 | G8: 2.5 | H8: 4 | I8: =SUM(B8:H8) -> 100 | J8: =SUMPRODUCT(B8:H8,$B$2:$H$2)/100 -> 5.35
A9: 울산광역시 | B9: 8.2 | C9: 28.6 | D9: 31.1 | E9: 18.4 | F9: 7.5 | G9: 2.2 | H9: 4 | I9: =SUM(B9:H9) -> 100 | J9: =SUMPRODUCT(B9:H9,$B$2:$H$2)/100 -> 5.22
A10: 세종특별자치시 | B10: 7.9 | C10: 27.1 | D10: 31.2 | E10: 19.2 | F10: 8.5 | G10: 2.4 | H10: 3.6 | I10: =SUM(B10:H10) -> 99.9 | J10: =SUMPRODUCT(B10:H10,$B$2:$H$2)/100 -> 5.293
A11: 경기도 | B11: 8 | C11: 27.8 | D11: 29 | E11: 20.2 | F11: 7.9 | G11: 2.7 | H11: 4.4 | I11: =SUM(B11:H11) -> 100 | J11: =SUMPRODUCT(B11:H11,$B$2:$H$2)/100 -> 5.358
A12: 강원특별자치도 | B12: 7.8 | C12: 27.1 | D12: 30.3 | E12: 20.4 | F12: 8.3 | G12: 2.6 | H12: 3.6 | I12: =SUM(B12:H12) -> 100.1 | J12: =SUMPRODUCT(B12:H12,$B$2:$H$2)/100 -> 5.335
A13: 충청북도 | B13: 6.8 | C13: 28.8 | D13: 31 | E13: 19.1 | F13: 8.7 | G13: 2.4 | H13: 3.2 | I13: =SUM(B13:H13) -> 100 | J13: =SUMPRODUCT(B13:H13,$B$2:$H$2)/100 -> 5.282
A14: 충청남도 | B14: 7.4 | C14: 27.6 | D14: 30.7 | E14: 19.6 | F14: 9.1 | G14: 2.5 | H14: 3 | I14: =SUM(B14:H14) -> 99.9 | J14: =SUMPRODUCT(B14:H14,$B$2:$H$2)/100 -> 5.293
... A19: 제주특별자치도 | B19: 8.3 | C19: 28.5 | D19: 30.8 | E19: 17.7 | F19: 8.4 | G19: 2.3 | H19: 4 | I19: =SUM(B19:H19) -> 100 | J19: =SUMPRODUCT(B19:H19,$B$2:$H$2)/100 -> 5.246
A22: 계산 방식: 원본 비율 × 구간 대표값의 합 ÷ 100. 비율 합계 보정 없음.
A23: 출처: 시도별_월평균_대중교통비용(KOSIS 국가통계포털)(1).xlsx / 데이터 시트 / 2024년 / 원본 단위 %
